Latitude,Longitude,Ground_Displacement_mm,Rainfall_mm_week,Slope_Angle_deg,Proximity_to_River_m,Water_Table_Depth_m,label
12.47240713,87.92646856,6.243907007,163.3540905,10.93682536,820.5304206,9.467677826,1
47.04285838,81.44385465,0,134.7530164,24.16894427,1679.598642,3.792508502,0
33.91963651,72.38110465,7.661384957,220.8108677,9.95279626,1700.418459,10.95391303,0
25.91950905,92.55180079,9.274100217,245.6702317,32.60055964,809.1581971,13.67066636,0
-0.638881573,87.3892469,8.918533136,71.40105395,25.82439753,1300.778493,11.68733344,0
-0.64032878,66.50467757,12.56546508,50,10.42448501,281.2060443,2.993718194,0
-6.51498327,96.43708738,10.83745508,50,21.90790923,296.9893034,13.64649436,0
41.97056875,92.90148972,8.214260555,200.7991327,17.47843594,192.449561,12.32108202,0
26.0669007,97.99199653,4.50884002,50,28.1917451,1203.928677,4.057950701,0
32.48435467,89.02878034,0,50,38.40450446,909.5348575,2.673216554,1
-8.764930342,84.53660784,8.007327534,188.8578605,6.248275304,1141.261478,9.245037479,0
48.19459113,76.72972145,6.45381381,399.2999517,26.15026079,1090.039062,4.028465547,0
39.94655845,97.30913933,6.90105186,149.3929088,23.39867204,765.3856831,12.84968238,0
2.740346641,94.64255558,0,233.8490774,31.71340076,1387.199488,6.658350537,0
0.909498032,61.8087468,0,158.1829359,27.13196628,1541.153574,13.86760178,0
1.004270591,61.05467898,12.37206997,140.1110347,17.48030668,127.7936919,9.353946238,0
8.254534578,75.05853468,4.723113923,241.9076483,21.80946064,493.7603696,4.374740995,0
21.4853859,92.42213323,9.770504882,120.9725456,17.03974143,1455.148149,3.814785276,0
15.91670112,99.49104517,5.198228633,176.7392314,35.76007139,834.578328,9.494141688,0
7.473748412,66.01667564,5.208292976,182.1697806,25.21311649,1358.719499,11.90448695,0
26.71117368,83.76522861,11.56798664,83.19095464,44.01190686,759.2290535,12.15957342,0
-1.630368361,75.23563427,1.387686902,249.204235,24.39339186,842.4347894,5.584846258,0
7.528678912,98.79657591,5.672845439,132.5040243,17.91593233,401.48986,4.655207866,0
11.9817106,93.68475693,1.764072979,74.42548405,9.862856074,590.6389374,2.217831958,0
17.36419905,93.53314819,1.958526408,203.6509844,6.968603237,1250.282339,10.82958897,1
37.11055768,78.74772639,2.835795136,60.15320182,9.15864057,923.0099115,2.99538736,0
1.98042693,76.59278009,6.554936401,152.8181157,27.67126651,1571.175098,7.469895623,0
20.8540663,70.93628288,1.648759648,149.0881003,30.08725023,1719.911414,9.821868132,0
25.54487413,62.25501987,13.79029288,258.5895566,9.18809298,1129.128195,14.18241628,0
-7.212975237,94.58889505,0,197.4698233,33.95038314,1540.707855,6.05342778,0
26.45269111,92.51604037,3.691898491,147.4973041,20.16938948,683.1185751,5.247038112,0
0.231447421,99.98870693,1.921882592,231.7766299,26.46793012,888.4453093,10.50408201,0
-6.096904421,99.86547348,15.12884519,289.0207549,41.12220628,1454.277585,10.05010742,1
46.93313224,82.21726822,6.375883436,205.7810306,33.96839316,833.8027864,6.317427183,0
47.93792198,90.75949661,12.22291178,151.035262,22.31469352,1218.159377,14.06532386,0
38.50384089,97.7906292,0,50,16.08807775,452.2082803,12.98321026,0
8.27682615,93.98589563,6.869351861,50,5,1239.565498,4.911773096,0
-4.13967316,69.89392407,11.22741557,119.4775296,17.80846681,1736.876044,5.108853091,0
31.05398159,78.02176541,5.575987925,89.04877978,22.88869761,1750.415316,8.65990451,0
16.40914962,65.16637661,12.45836263,131.3028697,15.12820473,1476.254372,12.05643732,0
-2.677705909,98.16204109,1.378980849,155.6649925,23.68743033,1516.93142,2.572524932,0
19.71061461,84.24698538,14.86543208,202.9692754,25.76851883,1160.062146,11.013357,0
-7.936688733,69.14571222,21.09228687,142.9501222,22.75144018,1210.869371,10.42706667,0
44.55922412,86.86802738,2.460130077,198.6501644,18.49997419,353.9361047,5.009241247,0
5.526798896,84.72512962,1.88148235,156.4474415,26.68654672,943.332458,10.85758917,0
29.75133706,74.32650872,15.17369134,50,29.4194065,956.4749394,14.22238149,0
8.702664565,64.54230369,16.05700502,56.06646062,14.09600923,1921.145888,2.608215985,0
21.20408127,86.86292782,1.33997981,135.5912444,39.1093238,919.065039,6.155476719,0
22.80261676,80.81230804,2.05869228,50,24.01411868,1143.751025,7.696297317,0
1.091267332,90.89273567,3.027507738,209.992873,25.18849623,1113.177659,13.69038467,0
48.17507767,80.80654004,0,303.0750832,32.08214423,1309.847262,14.50939881,0
36.5079694,94.08726001,0,271.8761852,27.33216131,1521.64238,7.773498204,0
46.36993649,82.07627355,0,128.6557129,34.53136634,527.5795647,11.75036936,0
43.68964103,82.43751886,0,299.0726137,27.87124165,1104.576396,8.911593309,0
25.87399873,95.06614411,4.757205788,164.8667457,18.87562625,1669.243644,8.991178152,0
45.3124541,76.13931465,6.639503128,116.2914029,28.61503525,979.9179563,5.615293696,0
-4.690449877,65.36060914,15.85350345,88.65973365,13.56273793,629.0693381,4.820431196,0
1.758971745,61.15130705,0,119.7530314,26.08559706,1343.947243,5.744069497,0
-7.286362665,90.20549023,11.89025679,111.1823181,24.66770009,1665.158052,9.232264094,0
9.519819846,84.81238205,3.50207809,167.0416222,22.91883143,219.9665566,2.379017418,0
13.32063738,88.16319072,4.653754032,166.0573981,23.71462489,1575.901918,13.79423628,0
6.280941906,68.51856646,9.723736445,150.304602,6.181509545,1661.131073,4.031688224,0
39.72425055,65.45485902,0,193.693817,19.51275092,976.8935624,4.861152799,0
11.4051996,60.58178663,7.676868223,269.0646275,25.92844901,1968.280748,8.737590294,0
6.856070581,74.02350235,6.165165457,244.9554135,26.59856392,1594.745847,11.23149196,0
22.56176499,83.59670747,8.447158848,50,14.72324859,1569.958873,3.244477712,0
-1.544546502,75.6897618,7.024180507,50,37.65707841,1520.893291,6.130031068,0
38.13181885,77.49899688,22.18710098,243.4319911,16.33825152,386.1553961,14.59276987,0
-5.526961379,96.16634778,0.53582011,50,34.69457201,512.7386843,5.410458568,0
49.2132162,73.93021868,1.283021315,127.5234598,29.27194362,981.5812498,6.069651886,0
36.33468616,80.55957957,0.638016315,50,18.5377269,601.6082649,12.87448038,0
1.922940892,91.34612051,1.111660166,50,42.75310893,888.9578474,2.652787612,0
-9.668672973,75.86171129,0.538290109,204.1462728,13.06363168,1788.081809,8.039971195,0
38.92768571,84.88346801,13.32311572,225.915516,34.19154174,1666.221095,6.935017938,0
32.41144063,94.49454835,14.94352974,92.34895993,35.00582318,1297.075769,6.115627879,0
33.74043008,97.98082495,1.004775944,50,18.29379791,1730.428749,5.714094723,0
36.2762208,65.88293924,0,95.37555517,38.924653,1589.167539,3.187863363,0
-5.557320896,97.06350501,8.299908895,189.1804005,22.49953485,915.0713705,6.092735782,0
11.50794371,79.68465172,1.13443869,50,27.88693629,482.0237889,2.559681235,0
-3.047856428,70.32977553,9.430522724,168.335992,27.60321839,1076.981976,12.15253023,0
41.78620555,78.36543025,6.420461146,148.4690151,23.65691259,1498.834877,7.176961321,0
27.39788761,99.20130301,0,207.92915,33.10808273,929.1972376,7.77074982,0
9.853881491,79.70472376,15.83253641,161.9580368,32.93488721,1366.866629,13.61672962,0
-6.186498983,73.15006441,17.57114371,52.69310591,7.514680268,279.22211,10.55471479,0
8.658939303,85.33603417,0.710479167,269.6571502,38.04340243,1521.208999,2.104768343,0
9.510999322,69.60582475,2.28608908,134.1470427,8.37508012,1644.155878,14.2612727,1
33.7763707,63.03453312,7.001057735,147.269546,35.32546204,1442.991926,5.082878058,0
28.25344828,65.15518888,7.34119753,56.67320409,36.26705137,1937.800816,3.398984402,0
43.23276455,65.12183356,9.609809909,105.6717749,14.0903357,1670.638909,11.98566632,0
18.33289551,66.07610774,19.07143177,61.5197286,20.89185712,1815.878083,8.506205106,0
-2.824345244,65.55308691,3.761369408,132.705394,13.94295332,1873.785059,7.639017358,0
32.79468723,85.63498979,0,321.170848,22.8507897,1622.561185,5.243540036,0
35.64710292,67.27520338,0,50,21.91965716,1381.0918,9.117129368,0
23.67663185,73.82669133,0,50,32.79660532,110.8653046,5.566999868,0
36.2580308,95.8715364,4.76811119,297.1170327,38.10308746,985.0689311,13.72057907,0
19.62773578,78.95846561,17.56190504,129.0676323,38.95683811,1185.208367,4.797658237,0
21.36396976,86.70230954,1.376720907,83.09272613,19.37831973,677.6575177,13.49661696,0
15.6524611,66.89279485,6.566515661,253.9904687,22.90778126,704.3984491,9.272270534,0
-8.474852395,67.69156075,4.885039727,89.43844603,8.165618078,1926.20289,12.77034574,0
-3.52651438,61.63474465,13.31875291,332.6009714,16.94129934,1794.250644,11.26699795,0
-8.114248859,66.75740252,22.68852698,217.7925871,34.64851633,1713.44011,11.05703645,0
28.18462468,71.14361356,1.28391859,101.2088592,41.15582824,871.4224232,6.2164955,0
8.861358865,67.08041937,1.573923902,365.7308213,12.65651128,126.0272458,5.040660109,0
20.51424147,63.54810135,12.30912614,89.4285077,19.07535741,252.4222683,4.74152096,0
44.45398844,64.82543484,9.773240427,224.2095372,24.73594243,693.1730996,13.14349154,0
4.957533749,78.43115072,17.92695128,179.929258,27.80161159,129.9115347,12.66554866,0
14.62297538,68.25334874,9.087497297,280.1741289,16.9039648,132.5845856,7.727455864,0
35.33306831,74.57079444,2.484955364,306.1511197,29.24061044,1841.546273,3.721259975,0
3.727889929,80.13669083,9.134583815,153.2004149,20.26160653,1441.701154,6.969279276,0
-5.38120541,87.61579315,12.76092506,74.65821297,24.85547729,687.0163811,10.0514649,0
7.385087175,61.57248559,10.74337527,195.9972143,30.46284248,352.0246974,7.907241008,0
-0.326722765,91.97641596,8.550918218,82.22846302,25.0642227,1072.107864,12.14246049,0
45.78185914,85.11601558,12.46672283,351.3387248,20.63614109,110.1577056,14.96909669,0
38.48722277,63.27036128,13.18506913,163.6535331,23.90390196,1882.986113,4.48471715,0
28.00422539,94.94314496,14.67511294,113.4678449,24.11637041,888.1487268,7.975460656,0
42.28763541,96.83489602,9.540969213,168.4680306,21.2998897,864.436415,7.602790725,0
38.22032461,62.44311839,3.830173438,50,22.41203937,842.1278544,5.958402926,0
1.194203533,71.07510593,6.026995805,52.83859615,40.98647171,231.7238277,4.575241717,0
43.55353991,92.24805119,13.44556277,270.0413908,30.60919448,1312.812256,2.853997514,0
22.36053451,89.93038762,0,84.3105721,22.04519682,1492.706877,13.53255112,0
38.44640931,67.38084077,7.580713162,50,31.96954405,1384.638255,7.45803307,0
43.765478,68.37397293,2.246628314,203.6652753,21.6618051,363.0274373,8.459641741,0
9.080208498,74.81888411,5.201213761,268.5704155,36.73124638,1199.796319,13.92024663,0
-3.396884528,79.38091941,13.94916304,221.8953311,28.69642192,1182.02052,12.09177621,0
3.676109753,84.73019086,6.337693476,249.6047686,23.92697856,1749.980497,3.696516434,1
15.62646732,74.75654558,5.325055837,74.32049114,29.47716926,820.3425509,9.350459579,0
39.08088596,78.50138865,0,50,9.291238479,805.823293,7.749279595,0
41.643835,89.89883753,10.22377496,300.1333652,13.73232531,1275.201412,12.36374394,0
-9.582872168,61.46732812,9.518389268,117.7320161,13.06074994,1302.838042,11.41502312,0
20.64483815,70.09747777,20.14278306,124.9166984,26.42943095,991.6419319,10.97527438,0
15.04466019,88.53398344,2.845552355,282.8194142,42.32514999,941.8127884,6.427082861,0
3.326468628,95.80827351,6.534052294,205.6230009,47.31300146,1038.880574,12.4645285,0
-2.80807796,80.46709768,6.745685786,195.5887772,31.38051101,1735.986069,2.681086843,0
10.25691028,81.28453941,16.04217296,366.5002345,30.00844475,976.2171124,4.075123719,0
46.57458223,64.28688045,4.332931273,85.64817696,6.989422658,1885.870405,6.363102549,0
9.392175921,77.89649467,6.95315068,242.7840128,19.573262,1057.607151,2.998496734,0
21.1274373,81.30469066,9.255275568,155.7013125,17.12216248,1903.481317,5.054925608,0
32.18113753,69.69882015,6.306263862,176.8592279,18.79152402,1682.380614,12.79196278,0
11.81777614,70.76972924,1.874964698,302.8468426,23.31856181,788.619513,14.32726999,0
48.30692496,75.09136652,6.35862995,200.7835756,20.27909422,1740.9187,5.959830625,0
47.7468377,60.80284791,12.51542225,203.8296079,5.207001896,309.12024,5.438705452,0
5.10693775,72.88316662,0,257.2507337,32.47910256,1857.589633,5.638604479,0
19.83491035,68.45792028,5.930787719,113.504727,14.27256974,1300.122679,5.610348136,0
8.052698589,73.09989409,0.099154295,66.07903327,27.39246864,203.3424222,2.467092368,0
7.090429663,64.79048527,13.3653264,50,45.7408267,1324.087775,14.0499125,0
-7.786783159,95.62109123,0,50,15.80615408,1951.070543,4.77807584,0
26.57386004,83.74369814,1.087547069,355.620713,5,232.6212438,7.460052963,0
20.16074139,87.16409277,7.640483125,50,22.13995778,1153.906649,2.125929476,0
-6.911274925,91.56684954,15.9586682,127.8746376,36.00959635,1520.809265,13.15341618,0
6.718787854,79.93768796,4.539748172,122.31867,44.58347454,1639.491315,11.50504548,0
44.49595316,63.47681152,1.113603313,180.7406698,12.70450406,886.2721841,14.30782846,0
4.37371344,81.48426167,18.16809949,231.5737213,29.96699223,487.9164624,12.16100123,0
-1.306307675,83.47364472,0,236.0473488,20.34689543,180.4503297,6.078184657,0
19.36716562,89.81757897,0,91.69225614,23.94051646,1201.479698,5.222353663,0
49.13902725,77.26638185,8.08010115,133.2878286,50,960.5310335,11.070312,0
4.523316291,65.10321211,1.48562043,178.257995,9.970296716,1902.614351,6.733466075,0
30.32813284,71.35103623,0,125.1308874,27.53739661,215.1493247,9.360795205,1
35.69717692,74.52329186,9.958495131,310.7345576,29.67693172,1402.251153,2.081347123,0
4.25825264,85.83668965,6.706604996,199.0974952,35.85786325,147.435822,2.804514122,0
33.69298092,82.83113219,1.051449585,223.4877786,25.97983153,425.7249358,8.959783235,0
12.06698796,74.24386904,0,216.2881269,28.0805054,961.8000999,9.358931404,0
27.93834984,99.46060995,11.1072013,267.3473857,21.08351433,964.2576413,11.76888828,0
28.01178265,84.23099277,9.551408246,168.1021559,27.69126941,1402.831032,3.715549155,0
22.14648104,69.48907167,4.305768954,50,21.56807725,1829.404766,8.671380089,0
-4.582613797,64.0712989,17.92645897,189.9687952,31.2157189,1314.161102,4.527819378,0
40.11814974,66.11436557,0,84.86431062,21.30389664,1911.716686,3.211549554,0
9.246803898,69.83830914,0,97.13833183,28.77100394,1775.069716,7.336445323,0
1.191110624,66.42725493,0.156643511,208.6364019,24.70737186,1210.549612,4.123376425,0
-7.553491507,67.46268096,4.680897886,273.8283071,36.26050251,1684.204707,4.883165717,0
25.45357659,71.40380675,6.703376145,152.1271577,24.48606276,1320.89746,6.128209538,0
30.65386171,66.93494381,3.311347595,180.8833013,7.269675318,249.2598788,5.37204921,0
-9.004730264,95.87061699,7.464387776,320.2214945,37.61921501,1507.072974,3.138686866,0
20.7255835,63.20934983,0,174.0753179,15.94267699,280.3260384,3.168911183,0
3.589746512,80.98045558,15.10635223,400,18.46233661,1228.757283,4.512242398,0
28.71036742,76.41587308,4.424941751,206.5509646,19.04338706,1435.016391,2.657269443,0
0.46198574,99.29514468,12.82107082,50,38.74438093,226.4024556,10.14394126,0
31.45626429,64.48155609,7.399077425,225.3341621,5,538.5098425,5.735247315,0
13.20412078,75.91422396,8.197272534,188.1158385,50,1839.777241,5.636697581,0
46.20379932,98.77881733,8.988370962,278.9752754,35.56056809,1270.997535,6.315977825,0
-1.748743351,94.62028504,8.13395992,217.3181351,27.23238914,567.9434357,10.61635156,0
10.46398106,92.68288284,9.499059319,136.1544016,24.45105999,1412.291565,13.31824046,0
-3.191588726,70.31611308,14.30406771,50,27.85554075,1233.875198,11.86813012,0
45.4816171,66.8355035,6.375648188,129.0976743,30.21122428,1052.99383,11.45787999,0
42.6403612,86.7457288,9.963026303,64.94795458,31.45215586,1954.755252,8.297085413,1
5.476497663,97.17503957,4.37185014,91.94765502,30.55604466,1398.562177,11.01947224,0
29.59904276,82.27051572,15.08082051,208.8578404,25.89580681,813.3381084,9.185910784,0
39.03333201,82.86450758,0.265253886,316.9904504,23.0266158,1620.139521,4.811256866,0
23.3120487,71.19916375,17.60658303,189.467153,23.48726716,1780.708257,4.711648781,0
21.7790347,90.77971733,4.718894345,50,23.0509172,337.9190631,5.853096089,0
4.511137454,67.48174994,0,194.4602668,36.33770097,481.0506579,13.84043472,0
-4.413833932,72.94716946,5.896730904,269.6631487,30.93556722,510.8313173,9.116392925,0
43.83294548,77.01745754,0.232638398,89.02170957,5,1413.302438,11.5407699,0
44.02508343,80.30441515,10.88450484,136.5982833,31.55900777,1245.775155,6.505263878,0
27.98608744,69.6963893,0.431632145,151.4688195,26.94736195,1276.083973,7.300305019,0
10.34178746,64.59347299,1.876715967,71.51016869,24.81291244,1887.469269,3.632352522,0
10.95257448,84.4248017,0,214.8280434,21.11481547,1574.231912,4.226834452,0
33.55734073,71.54522213,1.833855765,137.9051851,36.2411272,343.0801566,12.75563521,0
43.8266156,83.24952886,0,191.9532444,34.47526462,760.2634566,9.602902212,0
43.22518546,66.17450861,0,61.25078222,17.27122332,927.2479277,6.387922056,0
36.79253275,79.24560407,10.32290259,106.25417,29.07052287,852.3270186,12.43706572,0
28.52189877,81.3035773,10.50060111,222.2381358,15.28343265,1371.686357,5.204758773,0
-4.9516021,62.07294147,7.978202932,112.7166848,11.20381835,1794.596896,14.68842508,0
-0.302277154,73.46417113,0,322.6963851,18.73282775,681.4977807,6.482628901,0
43.91325131,65.37658708,4.666020507,110.0363814,33.62393472,1148.566559,6.385042404,0
26.38574358,62.53499882,4.974782226,172.4684726,34.53125045,1599.877902,6.054854772,0
-9.448176903,99.5984093,0,243.2590832,30.1308542,890.8143118,3.587449707,0
-3.911707428,72.8941538,15.52378811,50,32.25095787,419.424444,3.444782915,0
29.81010615,92.39497783,11.14153603,50,30.16178287,1002.406834,10.42536545,0
-9.696304969,70.18562619,3.453250783,50,18.58518405,204.9227894,13.37653458,0
-0.351516915,87.26010889,5.188200873,276.2584103,29.31922545,1890.528563,12.27676663,0
22.92402736,90.4091144,6.458679656,94.81418541,33.00409525,242.1602899,3.834398722,0
31.51371186,83.82554962,0,400,32.5429133,933.067759,9.092567583,0
29.11767557,78.86304754,3.269758322,93.57524013,36.88913371,1106.774396,3.372690098,0
3.456158568,76.47363657,0.226110264,168.4551303,32.08303847,1972.077281,2.588830367,0
32.73075328,73.95473066,0,304.2109953,28.51448208,415.4414649,10.53301617,0
4.23494525,97.18116577,3.03229795,350.6092888,35.70150238,317.4198854,8.956980338,0
9.52398189,93.22477631,17.58380569,356.1503577,24.73478741,116.5416794,3.066307908,0
34.78948431,98.60107643,9.485900029,270.8366231,16.18125349,395.5857301,2.454210203,0
28.97797394,64.97188894,1.001747072,252.4062526,23.36933036,493.8186602,14.86683337,0
40.95340463,89.23469901,9.008079469,209.2526949,17.55097355,1298.103789,2.390277318,0
29.45677354,97.53361827,14.79548806,227.8361076,18.24821725,517.4429017,7.77886729,0
24.0985162,67.24932265,11.47243578,94.88142837,23.55481329,138.989548,8.56004732,0
-4.37951393,62.65985069,5.417412589,68.18011166,17.07580079,1670.574856,3.524641921,0
12.06294818,89.64482597,0.471442556,149.6625543,21.9203847,794.6318319,4.19780312,0
5.912142061,82.97892453,9.887563195,132.9815377,6.06385333,772.0237045,6.573465083,0
4.639378603,93.67315107,7.754397698,104.6771951,27.13293707,674.7101554,11.90178639,0
48.38063329,65.59089507,11.26635254,219.6387447,25.01205475,1953.209227,8.592071513,0
13.58586348,91.81069247,9.446202612,245.5305209,16.82911369,423.2192929,10.29272437,0
43.52279331,68.0650928,12.34686901,158.8406886,31.59245668,1806.652322,14.80726922,0
27.86831756,66.54623771,1.253353519,297.7530081,34.37570138,1575.926331,11.98407066,0
37.68867821,66.57063192,14.22175846,50,8.924401356,245.3119154,7.646699476,0
20.15822559,92.58298881,6.383197233,130.6340541,17.37275221,1974.785293,7.803744983,0
24.61423308,86.60788883,19.52682611,78.31776794,17.3085765,615.5953307,10.044037,1
19.55106163,80.92261699,0.175685273,50,15.60096899,287.3075613,10.64974771,0
1.714579268,74.35321936,17.15174662,141.7319314,33.29474842,1675.697045,8.509242036,0
33.34712692,95.08802163,6.385375484,137.8252492,23.06173861,1442.683514,10.3831959,0
6.846341746,75.6978043,0.440073975,301.3449743,22.35485159,1272.715731,2.305922427,0
-8.541042014,92.66397758,1.612799162,213.0811685,5,396.363641,7.585097231,0
28.72833775,77.56539634,2.757568843,50,31.3541803,1009.142621,5.626194989,0
0.626640764,75.07777718,7.969161625,335.4092566,12.60741605,1583.056451,3.679267788,0
46.42751506,78.50719143,8.659848416,272.1033696,25.5993263,676.8854825,3.294104667,0
47.23571462,72.05511497,0.984099972,208.2097703,27.77376938,692.2106742,9.841498153,0
44.89186341,89.90437521,4.829517854,127.3515901,38.60658596,105.9677215,8.806807113,0
12.20952202,80.1088156,19.99589251,54.05607633,11.91179601,431.0624631,5.296593521,0
-9.072603008,69.28850781,17.09280219,112.7793224,5,1763.270688,8.122350764,0
45.69911376,95.98298293,8.054265688,258.874862,26.83849545,939.3183341,8.399020097,0
15.6910489,75.35564885,5.266024347,338.4586306,43.00511182,1970.045549,4.535116746,0
47.99928914,81.74211444,5.840219287,304.3243528,37.38946353,851.8451308,10.4772098,0
47.81719863,96.25888444,9.294625809,101.1150578,27.09659415,1458.854264,12.15195163,0
41.18056733,84.96951984,0,50,20.08363814,635.6461815,12.28902603,0
7.666933524,64.67592163,3.198364238,164.0886247,33.07122597,791.2383182,9.832107799,0
13.10586372,97.59328494,0,50,15.264538,462.3793764,8.651301573,0
41.06820029,85.10832212,7.794561858,182.3167714,29.76357769,759.4185001,2.793092859,0
9.015320309,73.39622459,9.530371578,135.2397414,30.05470159,1139.751289,5.741806885,0
0.169564801,65.57088291,1.617694764,103.3963498,35.60209907,1984.368474,3.212528808,0
23.40807575,91.76100757,16.01790734,50,50,1361.983255,14.52970109,0
46.16928645,84.80291024,0,201.3600107,28.92415967,478.5673134,3.756041901,0
31.7617878,81.33844368,0,96.72991603,19.91036374,185.426739,3.973080328,0
24.20367021,95.75570332,6.57116273,50,24.74425688,340.0773145,13.56449604,0
-4.169410374,91.54388845,12.32968812,50,7.309240951,1168.854882,14.27106769,0
26.9004336,66.06699519,16.78749384,147.2485095,18.05286869,1553.804625,11.95577751,0
49.40323101,72.46888271,1.78781016,327.2251597,20.90717562,1886.796494,2.070264008,0
-1.594959086,69.93956559,12.55076583,316.1259215,19.75911602,130.0640268,2.017501522,0
21.09977914,89.7578517,4.730440713,104.2903743,26.52354872,1093.244269,6.915310007,0
42.64238432,61.34129739,3.7916089,89.77879396,16.77580068,994.6479768,3.86413981,0
34.44611707,82.79558739,11.18561956,196.8774256,36.21030667,1346.504542,2.239019848,0
31.82094446,90.49834743,9.566260149,50.16145608,25.00207065,1163.199823,8.032866962,0
32.14904504,95.07062547,0,180.17919,24.90699679,1405.374386,14.25980467,0
11.56946907,73.68326995,15.33578245,226.6080278,21.72105283,1350.356911,6.209654474,0
7.615510656,92.85029219,14.66063948,272.6933224,26.55190684,322.3222772,10.59482882,0
38.56166933,64.42526948,0.621061089,139.9845924,33.25098265,1619.464036,10.47905959,0
38.60680368,93.85809167,7.770624734,129.632625,16.32869784,334.1418939,5.264041348,0
42.02433911,65.09954649,8.458211304,62.20174132,18.41883511,1427.208188,10.45552823,0
44.79443315,75.89149162,6.824716361,67.3119646,21.96273971,890.6761985,4.760341666,0
20.68054393,91.89181463,1.147863923,127.3521108,11.54129077,1076.316396,3.586096376,0
20.09097768,65.99669709,0.298636424,186.7365507,16.8074214,1816.266227,11.11798271,0
37.89771074,69.17005581,4.821121503,241.3584626,20.23779126,1790.77908,3.474730622,1
28.99783585,88.89010274,13.20910313,69.68210493,33.74389181,1653.926981,14.95981984,0
32.11801264,88.80146146,8.805201082,299.2688569,27.62561329,1069.281923,4.384881215,0
37.74756017,85.64590532,2.405699675,122.8876399,26.93589911,1498.855639,9.723844216,0
43.40032051,87.75793778,10.40189097,147.8632706,33.50897962,1074.504405,7.347869428,0
10.27970941,81.70897773,0,75.27883209,23.62628212,1752.251557,3.643023491,0
12.53497716,70.07196236,13.0413599,50,28.9046485,865.2740831,2.361970799,0
-4.36108361,73.82783974,0,238.4045396,23.96778247,1943.447154,10.09551967,0
24.69680846,67.26390867,2.46291341,223.6843897,27.65362349,1871.413241,12.48784833,0
-7.843463572,96.33802245,0,121.8672443,19.17241342,1509.044977,12.9462036,0
17.93588109,83.33567179,0,156.6990717,5,630.8901799,8.27527515,0
22.55867808,76.03405667,13.12578751,201.5939218,23.65720838,350.1418187,12.10692107,0
7.192475128,78.48023215,1.726091591,50,39.22748136,1723.936555,10.74701274,0
25.44999563,97.89133358,7.425527172,97.09473227,34.26215402,414.0743437,11.41530886,0
-8.169985004,66.13405612,4.671555948,229.426468,34.65397485,1723.095499,8.403787068,0
-7.759108675,83.44919328,8.339285791,50,37.36130722,1032.453513,10.23435262,0
39.35603364,80.23554716,5.537753237,179.3557932,25.88657591,872.4578892,12.47183688,0
11.61143848,84.45816942,0,50,26.97315707,1816.06248,7.172494282,0
-2.376369241,60.72440735,11.97386774,196.6429982,18.82348105,1247.316867,12.47772571,0
21.3345956,94.88495636,1.543703918,146.4358518,21.83927144,1195.566614,9.696218956,0
36.19961319,97.2847313,0,50,31.1577115,1161.655295,4.156713317,0
2.94926165,82.60532734,2.003193873,266.4739354,37.03884437,805.2220804,2.320894044,0
27.37342855,87.86603296,15.50531853,76.54084232,23.60553724,1592.721897,6.715796805,0
-4.8791521,96.89997525,10.95155219,68.9747563,20.49810735,580.3170436,9.107052268,0
-6.89909673,88.28954537,2.559435059,170.0569197,25.00527959,1883.900424,12.91766458,0
21.88127789,66.10156172,2.55519607,264.8637349,31.01206749,1798.57189,3.657313842,0
22.4381073,83.05153441,2.748554641,50,10.56145184,741.2126188,12.40268252,0
28.24579409,84.26860186,19.53723588,156.167985,5,1485.981163,13.2191176,0
33.56548002,76.96522685,7.673548166,192.88165,19.49463151,1189.124069,3.958937331,0
48.55112477,89.45776942,8.01029153,219.3105607,12.79287574,741.5336738,13.07072615,0
20.9780209,97.37468059,12.21198418,167.6441555,19.91859802,1978.191131,14.88889638,0
9.377388376,97.02274052,6.671524113,113.2972161,23.52219681,147.9509571,11.4489048,0
37.71117169,78.03357486,3.186704979,67.24097794,20.46751591,580.0274582,12.20200586,0
6.249935076,64.52952183,3.625551056,158.6143883,39.52467534,1088.140716,14.92739848,0
16.33828524,99.39364796,4.498791184,50,28.26744765,1091.710707,9.871256257,0
-5.292617119,93.55592346,4.739444344,50,28.0047436,1218.972842,6.002522966,0
-8.478955395,64.98650725,10.09340681,193.6559804,31.22207144,1528.184727,12.88790084,0
47.75890488,96.8336753,5.363621201,240.3934841,13.61166882,1284.607878,9.988315108,0
40.15880723,94.79585448,10.12848054,50,35.39111787,1240.534775,9.555540508,0
31.75845237,80.75352229,4.434983939,50,24.24235713,201.6774795,5.297262222,0
14.53717666,83.65101743,5.550446332,211.9154261,31.70480617,815.4075468,11.8323455,0
0.397659204,75.96010815,0,355.749547,14.28142767,540.9059054,3.061674586,0
-0.61377744,62.19046555,11.41429372,152.0793708,9.46241234,604.203212,14.01573192,0
5.01457389,73.40788967,7.425419331,77.19970588,33.17889658,1153.241201,6.23570499,0
22.95359988,92.11413794,11.98607077,131.7103559,28.76409526,479.0600984,3.661070486,0
32.87575536,60.18528092,0,287.4876419,15.97948446,658.5032919,7.75076493,0
29.6118426,73.33996687,19.61862293,85.40358209,16.30336919,550.4609462,2.55210882,0
6.796033817,75.92674774,4.022872603,70.08079933,36.25434784,1902.155592,10.90014053,0
47.29191684,81.49582412,12.75727972,101.7256478,13.10588107,1894.864891,13.73517164,0
34.273815,96.79422466,0,54.66713917,41.42672953,1258.888961,12.88441909,0
23.26124315,73.85383977,9.289417335,162.2670316,15.99379265,1856.592691,3.655803155,0
26.70324477,73.87812808,0,312.4678458,31.38391926,1593.044026,3.641524782,0
15.17600375,89.50004992,0.633617275,182.3079273,21.71381524,1220.900977,12.57464827,0
4.86385937,78.08871764,18.39821948,124.7646498,31.03187431,112.2269018,14.01530557,0
11.35836072,68.98419292,3.665223195,120.8188731,19.55885998,1567.780944,7.988707788,0
35.47076663,78.09758065,6.522030112,50,23.37207094,1434.727849,8.48662452,0
-9.136390682,65.63428082,11.09047411,238.3109777,25.40919175,1268.981941,6.137406538,0
-3.03564157,67.05547946,8.469773216,142.2162803,14.97812544,1544.806192,13.62544654,0
-7.239841479,79.93471091,6.052932336,131.9520086,32.40824345,1074.552113,10.38373777,0
-7.556271861,76.75701798,7.554727017,400,19.86786434,1437.758216,5.747270503,0
41.32763504,96.59383604,21.8239091,179.8752908,22.71400085,1876.826965,5.884177324,0
32.21947156,74.49575596,4.596668421,74.82089499,15.05650625,814.0295301,13.58560095,0
18.45042975,83.22353401,6.407693327,107.3642404,5,1445.431486,2.177242311,1
-4.129950361,85.29057152,12.35458077,264.8445709,23.08972237,1003.806854,6.195445445,0
19.49695251,60.52377826,12.73868153,161.3270411,49.12615422,1381.359338,9.206636856,0
18.40830625,86.54149488,13.30921214,50,32.84604288,1549.497338,3.926827007,0
0.392112195,67.12143867,9.471111554,241.9228935,24.8073962,186.3597508,3.197283805,0
16.03109895,98.4428127,0,83.18559145,22.37109171,1328.540844,12.5985923,0
13.91028406,65.94650911,16.43402073,337.3297776,25.22465893,530.8082504,13.62725705,0
26.95100588,76.58496495,0,258.0048066,30.47119115,1373.061822,12.70688347,0
28.10561905,63.41398672,7.118448257,105.2678104,13.19187185,989.8273533,13.68424257,0
-7.281759414,99.87497007,0,278.1016362,36.14321695,1569.75021,9.190455624,0
12.47675688,80.08780041,4.551031574,156.7855511,32.15381315,334.4615489,12.55935557,0
27.55159494,83.81540069,7.301336872,235.2773675,32.18185726,1290.012468,6.992554299,0
20.18817551,62.6830591,7.249500508,198.4732817,29.38475739,629.094385,10.6614822,0
41.38939047,89.99841882,7.95344528,65.3643345,25.19616658,1720.665791,14.85486191,0
29.5216179,68.39622372,16.29597888,85.64501677,31.72861236,1863.928661,4.93446041,0
-0.223934375,95.92217158,8.174740111,252.9960818,30.91814134,1993.156758,7.068696702,0
-5.765875156,68.20558562,3.290903553,116.5224668,21.45959289,1612.414065,8.240615905,0
28.54515669,67.62750883,11.74861018,109.6351537,19.26398227,1532.094734,3.794201331,0
-8.409321368,61.46198671,13.32629342,54.48774207,26.01856295,509.4514418,3.053501936,0
25.14653488,78.8826778,0,192.3599066,40.49020151,738.4134121,12.78639726,0
46.41381449,82.59364533,9.181800489,356.2524919,12.60892924,984.7968293,14.69832685,0
24.52845067,62.62834558,9.908209196,50,10.32474734,1569.423991,7.26142583,0
13.29019557,91.02110467,2.917055476,152.4219457,26.64760841,1838.435144,3.139447871,0
28.59729311,78.13155339,14.62994769,291.2220555,25.50887702,459.36429,2.855552889,0
17.49517343,80.97561077,3.949610891,142.0358609,26.73341664,1852.498221,13.58713668,0
22.73700736,77.63050988,5.879035174,195.2371796,27.43953198,1421.686839,8.029585246,0
46.48788853,76.03052244,3.78849723,50,22.76797745,1260.464388,6.160355115,0
13.16615827,82.38561325,5.109053333,192.8307097,39.89863439,479.6984154,8.193996526,0
47.67143383,66.20960984,0,131.2855735,8.990960215,205.4975623,6.137953231,0
44.32103852,67.27712522,0,248.5729996,16.71502975,1180.083307,8.357465079,0
1.747468087,94.47142484,16.16153544,268.7386052,23.9674524,1337.879798,13.17423316,0
-5.838321947,97.84461849,0,400,8.568111888,500.4847538,9.699917824,0
-3.953319917,74.93237265,0,207.9633173,23.24145596,1157.266791,11.03049905,0
-8.906690461,70.82978693,0,182.5796317,41.61470166,1727.337465,6.740718791,0
-4.333422355,85.75998173,0.527267766,169.4384302,25.20886488,1686.625296,11.60057642,0
30.9804064,76.34936684,0,114.6833707,27.30700906,1861.974843,10.6660221,0
-5.728681092,61.01545423,16.49410612,183.8483843,12.39835235,795.1830382,3.554305971,0
9.138537818,66.24610389,12.06871963,120.459859,18.83638592,704.2941878,9.444357091,0
40.69251866,88.63888915,0.182947584,166.8460976,21.2480362,1523.909411,5.337665452,0
-8.603683856,86.35695768,20.76705064,281.7597536,21.82284903,919.1135697,12.45324371,0
38.86810896,61.0838397,11.87235841,50,37.81643795,266.3424617,7.53719021,0
6.911286486,68.87888648,2.726180315,263.9878561,30.57691061,637.3221483,14.93089415,0
-2.910110343,69.24299186,0,281.7115067,13.88542043,895.3063425,3.202505693,0
31.80422992,86.87570974,21.03659801,138.1931473,27.46504778,655.7812084,12.14452222,0
27.73657081,60.78842151,0,50,29.98221748,731.1905848,10.75812254,0
42.64832081,64.16434328,0,89.21780129,36.40149039,658.1742217,11.9774848,0
34.10426263,91.99664341,12.15799302,279.6994547,40.80540687,178.8484176,5.997887341,1
38.20885582,67.14178648,22.07826684,147.7131938,14.84905808,1310.479932,8.396708362,0
6.922074354,86.10984431,14.68990973,50.06977677,16.89142489,1234.855599,12.35461076,0
0.646372627,69.52731124,8.94736384,99.52250788,12.42422141,1341.428647,5.023037311,0
35.0368851,63.97765571,9.163280392,234.0620027,22.65980141,465.3888025,4.938431558,0
38.41008436,69.72688764,10.97390891,204.6733568,29.66358374,661.7436291,9.163662393,0
49.43030852,88.89067727,10.31250013,126.1067901,34.87334517,1277.270261,8.806326534,1
14.75706061,94.22785872,6.968339968,113.3175588,24.24048976,1239.29238,5.669412115,0
12.32108515,93.20879458,5.729407728,110.8241851,21.80152477,1062.027588,5.874983457,0
36.58477764,75.88734118,4.561848105,57.75898155,26.51757992,765.785175,5.611987122,0
10.44821242,86.72340546,0,311.5375689,16.64857098,1834.568909,12.02965681,0
45.84543954,68.19937182,3.035274462,117.7679531,45.89538722,745.5634604,10.47471125,0
41.50476511,71.72590921,0,271.7158521,8.923389729,965.6763972,12.82142338,0
15.73964164,95.85343274,4.311622612,302.1316052,26.84740579,1388.416279,14.68114937,0
35.05226407,60.52007694,0,249.8310898,45.23606219,1131.740719,8.164135852,0
35.27257245,63.42034123,0,106.8379687,25.06799845,759.0833551,2.867020458,0
-3.81256787,68.31545021,6.259259058,190.373009,23.09960965,927.7251019,2.625200035,0
44.1531744,61.06128815,14.744016,147.5804394,21.42554577,1609.513554,5.843645511,0
20.31514235,67.2574174,11.42821624,59.62981393,23.19608318,628.4453954,14.12307966,0
39.58744797,83.32166244,0,182.4359282,38.72848475,370.2849556,8.801769715,0
9.202976062,76.85698202,0,50,5,695.0100835,5.533224709,0
43.73139371,95.70686844,11.58539832,268.7679388,40.33433701,1714.115009,7.189168329,1
13.35210072,92.69774247,0,103.5382703,10.76042848,269.0804582,9.781736396,0
-9.349740911,73.67269407,3.42756795,170.1159656,22.33347671,1984.222539,10.48834556,0
44.32291859,70.37693734,8.850364693,178.3287872,20.7075558,1127.905508,4.000953627,0
-4.522799393,75.18769633,0,124.1095026,30.8855327,1971.206914,14.7014118,0
9.158818255,83.6117977,5.737628543,208.6693801,9.018756481,1884.093202,9.082038951,0
47.00371802,70.72254563,0,102.5096343,29.62172666,960.346057,3.763948131,0
47.03642882,84.96595631,0.790426492,237.1297297,45.24309623,477.1330418,13.61725829,0
24.40627329,76.37646609,7.238473539,50,11.36825995,413.2810755,2.970299604,0
27.91023273,82.08188723,0,162.637958,26.89706168,555.9797914,13.80056063,0
16.90673132,77.44506117,8.083323166,343.8928999,18.38017822,1449.252017,14.95535353,0
7.592646302,71.77863038,4.862535408,50,29.25887206,618.60499,11.10561339,0
9.719872722,97.93813228,8.867429681,82.22550295,25.19147777,748.7080122,12.01581387,0
30.35110736,90.54423177,6.567398938,201.390785,18.58513091,952.6797276,6.384936874,0
35.14247177,65.60452703,14.54898301,167.9581782,29.87872285,1835.142093,14.24049909,0
37.49474262,94.73871904,5.876571519,185.0630099,43.0434811,459.847494,8.886281559,0
37.37708857,79.49724793,1.994161212,198.918713,23.09096208,109.55045,11.52104981,0
-4.527633817,95.78208908,5.856082521,213.4721469,32.19757942,214.1831797,14.01340031,0
19.66521828,91.99421024,8.803086203,260.9699842,12.06727042,1819.056049,14.67733969,0
-6.546474399,77.00854018,5.342020492,190.9818657,15.43563623,1330.281283,12.83165664,0
22.97173294,60.89877233,5.284141838,125.8742345,29.72406278,618.7771767,5.939227591,0
16.49183008,70.74709438,0.086058185,217.2573701,39.84116029,436.6657519,14.56511772,0
43.26225097,81.66536859,0.359693577,339.9881935,28.55613349,659.1067996,10.16555391,0
11.05490075,85.33912879,0,136.7366254,21.86941969,318.1141618,14.09835219,0
-2.975979014,70.31550742,17.2470372,52.54706953,24.99291405,1888.91253,10.78936534,0
-1.420499077,65.57424296,0,260.7080669,12.49592266,1589.991731,5.994106504,0
35.6906379,93.39720947,0.149663615,137.9618836,31.04515326,978.5432361,6.810318814,0
27.0930838,99.37608723,0,50,33.82333062,1743.42895,9.156133102,0
-3.932639433,81.02760729,11.26447064,234.7421677,20.47909667,573.9705882,12.27019294,0
-4.953591633,66.86717143,2.935352252,96.4671814,20.29957852,1462.52908,6.133773167,0
32.05814789,70.89229306,13.73419451,140.9466718,27.6587823,1726.651748,9.53650516,0
-5.634219618,60.73562706,0.28556563,183.1980331,20.63280264,777.8605521,6.493124916,0
39.31160356,96.57195226,6.952959136,169.049968,24.33867385,1539.182446,12.60500226,0
32.37453363,64.71004332,0,220.9451817,45.99721789,660.6374636,8.067465219,0
-5.119073161,83.06065902,20.01604389,106.4513629,22.52974299,667.828557,2.997396749,0
-4.909737155,70.96220883,0,201.3105798,21.41659848,303.4086393,4.158682779,0
49.19837471,82.1671201,7.168744972,124.0453322,18.52458194,936.1102884,2.794360679,0
12.45624775,86.05681553,9.436438167,223.8810481,32.44191971,1486.452622,8.490938298,0
12.23852882,93.18967215,7.896593682,211.5367484,23.18775827,1886.419531,3.382384866,0
38.76797404,68.25685087,3.702986388,56.4561298,18.50626962,1247.214285,3.483819601,0
46.83491464,60.43983315,4.091255102,258.5982116,38.21304032,1739.957522,14.23362738,0
49.16006383,65.4754252,5.306680304,96.40365549,39.19603005,1662.739834,13.34451594,0
35.20269112,96.00074567,3.970985989,230.8057798,18.99576434,429.3518007,7.877125759,0
12.57557513,94.9556031,11.74715382,186.7287313,6.334600486,1023.053115,14.81546917,0
-4.989956998,83.89652409,20.47366101,333.8183677,35.0751369,322.1547175,2.002424866,0
36.62881496,84.02067442,1.097557505,127.6534018,18.15370174,1396.091007,9.981732932,0
23.50425498,86.60146698,0,115.0683204,32.90625599,1904.80937,10.01356631,0
15.45332055,67.01485114,4.382025662,148.0580394,5.298961823,360.4699703,7.946759726,0
44.38126311,96.57647784,23.05796536,119.6820217,33.92597338,1494.377949,7.160323648,0
-3.328151062,76.750821,0,229.9941902,12.88828071,1301.252487,7.919980761,0
19.55750626,75.32554113,16.47381764,50,32.30764119,1208.84957,7.394485669,0
-9.318781314,80.75670821,16.7439057,50,25.14273068,841.2284459,11.49640221,0
18.11963852,61.87863867,1.124882308,50,15.46060581,774.7501307,3.759620655,0
-6.621803459,66.65133475,8.982881554,245.0307592,20.92963687,185.9734591,4.569309868,0
-2.870925024,89.52134466,16.39877636,321.0613373,31.86318457,514.0265457,4.346736969,0
-2.948425193,63.31194672,2.346105813,139.5550781,26.05894453,128.8360763,5.412117607,0
28.95261813,84.12608438,3.574937479,133.1178277,30.8441298,1204.692501,8.828359444,0
34.76269276,69.81396439,0.928233602,157.0052163,44.76440585,301.1211482,3.445713715,0
25.00212591,75.57182456,0,266.1878303,9.357583883,1758.736849,13.28620084,0
47.73035291,71.54774947,0.455057185,57.26468658,41.17212575,1093.971739,5.865699907,0
12.49223477,74.22690866,0,173.8368983,26.04355938,1429.410827,4.112993837,0
7.142725177,88.76183621,5.238584278,247.519763,16.01215952,880.6284745,10.78307702,0
42.11594769,71.88486862,0,200.109417,11.69686374,1165.101637,2.495121908,0
3.415750311,82.65618561,6.636501383,168.9581617,23.10879609,1891.052436,10.05959134,0
47.79335237,79.04201609,0,250.1046093,34.21650112,257.1946753,11.0765796,0
-9.270731519,86.54684661,7.316161626,50,23.7245088,582.4817667,4.793914908,0
48.1927296,97.47318957,10.83470273,217.787532,40.1115493,1581.977821,2.545532955,1
-7.410405283,89.30288389,0,84.59243169,10.4882431,287.6006931,6.727389666,0
43.46858682,68.59761514,7.618395989,50,24.87911052,243.7560974,3.281724993,0
21.66206655,61.2473254,13.59368295,201.12026,12.47606556,786.9286576,3.514212046,0
49.57788777,70.49056177,0,287.3658545,28.63631883,275.1191211,5.305396009,0
-5.572206116,83.80311723,16.70800671,136.2551485,33.8688739,1211.64904,5.84108302,0
23.23125706,62.05703254,7.933133066,245.2874547,20.79238206,529.9229766,8.889614433,0
48.15815214,79.85464989,0.06491701,311.2278258,5,1801.82613,10.81909451,0
21.38587065,83.87371396,4.609616456,281.4914454,26.98948147,1588.650154,9.706022231,0
27.76391829,73.36975563,8.908288388,313.9964529,29.36738552,1429.439892,3.928684385,0
31.74492134,90.83648815,5.53203774,224.2127491,29.04294755,1272.193652,4.237118422,0
17.27246389,64.26393013,8.771291947,157.5433639,37.35782192,1740.584888,13.42400025,0
27.65348481,63.00551127,0,50,14.2894632,523.8179169,9.258580096,0
25.05885872,89.12755025,6.185525768,125.3937512,31.80216105,1758.906801,13.30919183,0
44.06948063,79.81965265,0,65.67534047,36.92507512,1600.035367,6.830104647,0
-7.27321718,87.53609586,4.221417571,367.0942717,7.21412416,1521.50557,9.987200097,0
6.857791376,77.39309354,0,132.4114188,28.19651826,1166.385788,8.807624409,0
47.02468904,69.85608133,0,162.3204807,19.95820169,567.8639058,6.148605368,0
43.41582703,92.76409271,13.65265223,205.1485376,24.18477327,904.7410404,8.108899836,0
17.33940517,91.97663516,12.63917084,154.3602446,28.47676484,1607.784244,8.532381399,0
27.20795587,87.78785883,9.263966846,319.505104,20.12771436,160.3791203,4.610022672,0
6.642870979,70.88580549,0,87.73506383,18.24291921,1585.896462,6.095134841,0
1.287269583,83.60922667,2.785140852,169.4607455,25.34152417,556.1344069,12.28832676,0
17.8219043,74.43895588,13.4916839,75.75294143,14.12754061,374.1874814,13.90524711,0
11.20113368,63.66328293,5.992018395,50,14.14174871,319.8325045,6.677323216,0
25.01936671,96.69254302,21.23530678,88.82309091,31.79373283,151.7750227,5.990639669,0
-5.335921782,65.47274524,7.753224876,146.2963203,13.51205965,1094.814322,4.537563139,0
48.46368846,98.00949415,6.344343815,107.0697775,31.66312501,514.6937581,10.82038519,0
